article_name,article_url

Alternatives to Violence Project,https://en.wikipedia.org/wiki/Alternatives_to_Violence_Project

Secundinia gens,https://en.wikipedia.org/wiki/Secundinia_gens

Imagawa Norinobu,https://en.wikipedia.org/wiki/Imagawa_Norinobu

Brian S. Miller,https://en.wikipedia.org/wiki/Brian_S._Miller

UD Tamaraceite,https://en.wikipedia.org/wiki/UD_Tamaraceite

Fahad Abo Jaber,https://en.wikipedia.org/wiki/Fahad_Abo_Jaber

Cristian Brandi,https://en.wikipedia.org/wiki/Cristian_Brandi

Bleu Horses,https://en.wikipedia.org/wiki/Bleu_Horses

Cape Canaveral Launch Complex 32,https://en.wikipedia.org/wiki/Cape_Canaveral_Launch_Complex_32

Solenne Figuès,https://en.wikipedia.org/wiki/Solenne_Figu%C3%A8s

Total indicator reading,https://en.wikipedia.org/wiki/Total_indicator_reading

Ambrose Schindler,https://en.wikipedia.org/wiki/Ambrose_Schindler

Edward M. Douglas,https://en.wikipedia.org/wiki/Edward_M._Douglas

Tamanoe Station,https://en.wikipedia.org/wiki/Tamanoe_Station

Chandrakot Rural Municipality,https://en.wikipedia.org/wiki/Chandrakot_Rural_Municipality

Ken Lunday,https://en.wikipedia.org/wiki/Ken_Lunday

Surface subgroup conjecture,https://en.wikipedia.org/wiki/Surface_subgroup_conjecture

Titus Annius Luscus,https://en.wikipedia.org/wiki/Titus_Annius_Luscus

"Khansar, Yazd","https://en.wikipedia.org/wiki/Khansar,_Yazd"

Edward Thomas Devine,https://en.wikipedia.org/wiki/Edward_Thomas_Devine

Asuka Takahashi,https://en.wikipedia.org/wiki/Asuka_Takahashi

Mphiwa Dlamini,https://en.wikipedia.org/wiki/Mphiwa_Dlamini

Kai Knudsen,https://en.wikipedia.org/wiki/Kai_Knudsen

Rayne Storm,https://en.wikipedia.org/wiki/Rayne_Storm

"Hungerford, Texas","https://en.wikipedia.org/wiki/Hungerford,_Texas"

Petr Nesterov,https://en.wikipedia.org/wiki/Petr_Nesterov

Middle Burmese,https://en.wikipedia.org/wiki/Middle_Burmese

Gorodzisko,https://en.wikipedia.org/wiki/Gorodzisko

Massimiliano Barbone,https://en.wikipedia.org/wiki/Massimiliano_Barbone

Harutiun Alpiar,https://en.wikipedia.org/wiki/Harutiun_Alpiar

Anton Kartashev,https://en.wikipedia.org/wiki/Anton_Kartashev

WNKI578,https://en.wikipedia.org/wiki/WNKI578

Woldemeskel Kostre,https://en.wikipedia.org/wiki/Woldemeskel_Kostre

Oscar Tingelstad,https://en.wikipedia.org/wiki/Oscar_Tingelstad

Gheorghe Mârzescu,https://en.wikipedia.org/wiki/Gheorghe_M%C3%A2rzescu

Furukimi Station,https://en.wikipedia.org/wiki/Furukimi_Station

"Kaptol, Požega-Slavonia County","https://en.wikipedia.org/wiki/Kaptol,_Po%C5%BEega-Slavonia_County"

Outline of the history of Western civilization,https://en.wikipedia.org/wiki/Outline_of_the_history_of_Western_civilization

Chen Chung Chang,https://en.wikipedia.org/wiki/Chen_Chung_Chang

4th Squadron (JASDF),https://en.wikipedia.org/wiki/4th_Squadron_(JASDF)

Fondazione Musei Civici di Venezia,https://en.wikipedia.org/wiki/Fondazione_Musei_Civici_di_Venezia

Ettore Deltetto,https://en.wikipedia.org/wiki/Ettore_Deltetto

Delitzsch,https://en.wikipedia.org/wiki/Delitzsch

Congregational Union of Scotland,https://en.wikipedia.org/wiki/Congregational_Union_of_Scotland

Charles Christian Hammer,https://en.wikipedia.org/wiki/Charles_Christian_Hammer

Verusco,https://en.wikipedia.org/wiki/Verusco

The Eye of Silence,https://en.wikipedia.org/wiki/The_Eye_of_Silence

LIU Brooklyn Blackbirds,https://en.wikipedia.org/wiki/LIU_Brooklyn_Blackbirds

Bouchra Ahrich,https://en.wikipedia.org/wiki/Bouchra_Ahrich

Tucheng District,https://en.wikipedia.org/wiki/Tucheng_District

HTM Personenvervoer,https://en.wikipedia.org/wiki/HTM_Personenvervoer

Eden Congregational Church,https://en.wikipedia.org/wiki/Eden_Congregational_Church

Vestfjorden,https://en.wikipedia.org/wiki/Vestfjorden

Ultimate Galactus Trilogy,https://en.wikipedia.org/wiki/Ultimate_Galactus_Trilogy

Saint Marie River,https://en.wikipedia.org/wiki/Saint_Marie_River

Dorasan,https://en.wikipedia.org/wiki/Dorasan

Tire balance,https://en.wikipedia.org/wiki/Tire_balance

Naked fugitive,https://en.wikipedia.org/wiki/Naked_fugitive

Stanford Sweet Hall,https://en.wikipedia.org/wiki/Stanford_Sweet_Hall

Angola Ferry,https://en.wikipedia.org/wiki/Angola_Ferry

CFAV Glendyne (YTB 640),https://en.wikipedia.org/wiki/CFAV_Glendyne_(YTB_640)

Stylianos Harkianakis,https://en.wikipedia.org/wiki/Stylianos_Harkianakis

Glotovka,https://en.wikipedia.org/wiki/Glotovka

"Lawson, Mesquite, Texas","https://en.wikipedia.org/wiki/Lawson,_Mesquite,_Texas"

Ayacucho Declaration,https://en.wikipedia.org/wiki/Ayacucho_Declaration

2010 China Open – Women's singles,https://en.wikipedia.org/wiki/2010_China_Open_%E2%80%93_Women%27s_singles

Tony Glover,https://en.wikipedia.org/wiki/Tony_Glover

Athletics at the 2004 Summer Olympics – Men's 400 metres,https://en.wikipedia.org/wiki/Athletics_at_the_2004_Summer_Olympics_%E2%80%93_Men%27s_400_metres

"Agreement on the Political Parameters and Guiding Principles for the Settlement of the India-China Boundary Question, 2005","https://en.wikipedia.org/wiki/Agreement_on_the_Political_Parameters_and_Guiding_Principles_for_the_Settlement_of_the_India-China_Boundary_Question,_2005"

"Panga, Lääne County","https://en.wikipedia.org/wiki/Panga,_L%C3%A4%C3%A4ne_County"

2000 World Badminton Grand Prix Finals,https://en.wikipedia.org/wiki/2000_World_Badminton_Grand_Prix_Finals

Weightlifting at the 2019 Pan American Games – Men's 67 kg,https://en.wikipedia.org/wiki/Weightlifting_at_the_2019_Pan_American_Games_%E2%80%93_Men%27s_67_kg

Tashang,https://en.wikipedia.org/wiki/Tashang

Clove,https://en.wikipedia.org/wiki/Clove

Ski Dubai,https://en.wikipedia.org/wiki/Ski_Dubai

Lee Je-hoon,https://en.wikipedia.org/wiki/Lee_Je-hoon

Swedish Dance Music Awards,https://en.wikipedia.org/wiki/Swedish_Dance_Music_Awards

Goodman–Stark House,https://en.wikipedia.org/wiki/Goodman%E2%80%93Stark_House

Carlo Barberini,https://en.wikipedia.org/wiki/Carlo_Barberini

"Owl's Head (Franconia, New Hampshire)","https://en.wikipedia.org/wiki/Owl%27s_Head_(Franconia,_New_Hampshire)"

"Jamalpur, Bangladesh","https://en.wikipedia.org/wiki/Jamalpur,_Bangladesh"

Florczaki,https://en.wikipedia.org/wiki/Florczaki

Sin Tat Plaza,https://en.wikipedia.org/wiki/Sin_Tat_Plaza

Eargasm (album),https://en.wikipedia.org/wiki/Eargasm_(album)

Liao Xiaoyan,https://en.wikipedia.org/wiki/Liao_Xiaoyan

Romantica y Calculadora,https://en.wikipedia.org/wiki/Romantica_y_Calculadora

Femina Miss India South,https://en.wikipedia.org/wiki/Femina_Miss_India_South

Parasolid,https://en.wikipedia.org/wiki/Parasolid

Taitung County Council,https://en.wikipedia.org/wiki/Taitung_County_Council

Telithromycin,https://en.wikipedia.org/wiki/Telithromycin

Cyanometer,https://en.wikipedia.org/wiki/Cyanometer

Battle of Shanghai,https://en.wikipedia.org/wiki/Battle_of_Shanghai

Monte Cresto,https://en.wikipedia.org/wiki/Monte_Cresto

DreamHost,https://en.wikipedia.org/wiki/DreamHost

Bloc Québécois Shadow Cabinet of the 41st Parliament of Canada,https://en.wikipedia.org/wiki/Bloc_Qu%C3%A9b%C3%A9cois_Shadow_Cabinet_of_the_41st_Parliament_of_Canada

George W. F. McMechen,https://en.wikipedia.org/wiki/George_W._F._McMechen

Sigmund Mifsud,https://en.wikipedia.org/wiki/Sigmund_Mifsud

Love Don't Cost a Dime,https://en.wikipedia.org/wiki/Love_Don%27t_Cost_a_Dime

China Hi-Tech Group Corporation,https://en.wikipedia.org/wiki/China_Hi-Tech_Group_Corporation

Mishima: A Life in Four Chapters,https://en.wikipedia.org/wiki/Mishima:_A_Life_in_Four_Chapters

Michel Duflo,https://en.wikipedia.org/wiki/Michel_Duflo

JAST USA,https://en.wikipedia.org/wiki/JAST_USA

Lu Guimeng,https://en.wikipedia.org/wiki/Lu_Guimeng

Orobius,https://en.wikipedia.org/wiki/Orobius

Kulashi,https://en.wikipedia.org/wiki/Kulashi

"Cultural depictions of Conrad II, Holy Roman Emperor","https://en.wikipedia.org/wiki/Cultural_depictions_of_Conrad_II,_Holy_Roman_Emperor"

Sebastián Calvo de la Puerta,https://en.wikipedia.org/wiki/Sebasti%C3%A1n_Calvo_de_la_Puerta

Black Lake (Triglav Lakes Valley),https://en.wikipedia.org/wiki/Black_Lake_(Triglav_Lakes_Valley)

Imperial Royal Austrian State Railways,https://en.wikipedia.org/wiki/Imperial_Royal_Austrian_State_Railways

Ford Hall Forum,https://en.wikipedia.org/wiki/Ford_Hall_Forum

Tina Dietze,https://en.wikipedia.org/wiki/Tina_Dietze

2012–13 Czech Extraliga season,https://en.wikipedia.org/wiki/2012%E2%80%9313_Czech_Extraliga_season

Peter Franquart,https://en.wikipedia.org/wiki/Peter_Franquart

Penn Tech,https://en.wikipedia.org/wiki/Penn_Tech

Wild Water Kingdom (mixtape),https://en.wikipedia.org/wiki/Wild_Water_Kingdom_(mixtape)

Blue Stahli (album),https://en.wikipedia.org/wiki/Blue_Stahli_(album)

Saga Musical Instruments,https://en.wikipedia.org/wiki/Saga_Musical_Instruments

"Yanshan District, Beijing","https://en.wikipedia.org/wiki/Yanshan_District,_Beijing"

Nicolas Antoine Boulanger,https://en.wikipedia.org/wiki/Nicolas_Antoine_Boulanger

Fruitvale station,https://en.wikipedia.org/wiki/Fruitvale_station

Best Christmas Ever (TV programming block),https://en.wikipedia.org/wiki/Best_Christmas_Ever_(TV_programming_block)

J. Conrad Lavigne,https://en.wikipedia.org/wiki/J._Conrad_Lavigne

High Valley (album),https://en.wikipedia.org/wiki/High_Valley_(album)

Libra oil field,https://en.wikipedia.org/wiki/Libra_oil_field

Cannon Fodder (video game),https://en.wikipedia.org/wiki/Cannon_Fodder_(video_game)

Juan Carlos Meza,https://en.wikipedia.org/wiki/Juan_Carlos_Meza

Triton 24,https://en.wikipedia.org/wiki/Triton_24

Herbert Jones (basketball),https://en.wikipedia.org/wiki/Herbert_Jones_(basketball)

Chikurachki,https://en.wikipedia.org/wiki/Chikurachki

Ren Ziwei,https://en.wikipedia.org/wiki/Ren_Ziwei

"Yeshe Dorje, 11th Karmapa","https://en.wikipedia.org/wiki/Yeshe_Dorje,_11th_Karmapa"

Jadomycin,https://en.wikipedia.org/wiki/Jadomycin

Chalood Nimsamer,https://en.wikipedia.org/wiki/Chalood_Nimsamer

Reiner Protsch,https://en.wikipedia.org/wiki/Reiner_Protsch

Phillips Distilling Company,https://en.wikipedia.org/wiki/Phillips_Distilling_Company

I. B. Knickerbocker,https://en.wikipedia.org/wiki/I._B._Knickerbocker

Heptastadion,https://en.wikipedia.org/wiki/Heptastadion

Panther Den Wilderness,https://en.wikipedia.org/wiki/Panther_Den_Wilderness

Tsiroanomandidy Airport,https://en.wikipedia.org/wiki/Tsiroanomandidy_Airport

1915 Illinois Fighting Illini football team,https://en.wikipedia.org/wiki/1915_Illinois_Fighting_Illini_football_team

Tanja La Croix,https://en.wikipedia.org/wiki/Tanja_La_Croix

Blagoje Tamindžić,https://en.wikipedia.org/wiki/Blagoje_Tamind%C5%BEi%C4%87

Ananda Ramayana,https://en.wikipedia.org/wiki/Ananda_Ramayana

Augustinas Voldemaras,https://en.wikipedia.org/wiki/Augustinas_Voldemaras

George Abramson,https://en.wikipedia.org/wiki/George_Abramson

Perfect game (bowling),https://en.wikipedia.org/wiki/Perfect_game_(bowling)

Taichiro Morinaga,https://en.wikipedia.org/wiki/Taichiro_Morinaga

MTN Syria,https://en.wikipedia.org/wiki/MTN_Syria

George Chisholm (athlete),https://en.wikipedia.org/wiki/George_Chisholm_(athlete)

Jorge Lorenzo,https://en.wikipedia.org/wiki/Jorge_Lorenzo

Rwanda Scouts Association,https://en.wikipedia.org/wiki/Rwanda_Scouts_Association

8th Day Center for Justice,https://en.wikipedia.org/wiki/8th_Day_Center_for_Justice

Ware Creek School,https://en.wikipedia.org/wiki/Ware_Creek_School

Niemodlin,https://en.wikipedia.org/wiki/Niemodlin

UFC on ESPN: Smith vs. Clark,https://en.wikipedia.org/wiki/UFC_on_ESPN:_Smith_vs._Clark

Mi-ha,https://en.wikipedia.org/wiki/Mi-ha

Riegel am Kaiserstuhl,https://en.wikipedia.org/wiki/Riegel_am_Kaiserstuhl

Simons Architects,https://en.wikipedia.org/wiki/Simons_Architects

JustSystems,https://en.wikipedia.org/wiki/JustSystems

2015 Wrocław Open,https://en.wikipedia.org/wiki/2015_Wroc%C5%82aw_Open

Live at the Hotel Seville,https://en.wikipedia.org/wiki/Live_at_the_Hotel_Seville

Fungating lesion,https://en.wikipedia.org/wiki/Fungating_lesion

1909 International Cross Country Championships,https://en.wikipedia.org/wiki/1909_International_Cross_Country_Championships

Combat shotgun,https://en.wikipedia.org/wiki/Combat_shotgun

Albert premetro station,https://en.wikipedia.org/wiki/Albert_premetro_station

Rumble (You Am I song),https://en.wikipedia.org/wiki/Rumble_(You_Am_I_song)

Crazy for You (Earl Klugh album),https://en.wikipedia.org/wiki/Crazy_for_You_(Earl_Klugh_album)

John E. Powers,https://en.wikipedia.org/wiki/John_E._Powers

Shuroy,https://en.wikipedia.org/wiki/Shuroy

Jardim Helena-Vila Mara (CPTM),https://en.wikipedia.org/wiki/Jardim_Helena-Vila_Mara_(CPTM)

De Lesseps Lake,https://en.wikipedia.org/wiki/De_Lesseps_Lake

Stresa Front,https://en.wikipedia.org/wiki/Stresa_Front

Palmer Creek (Yamhill River tributary),https://en.wikipedia.org/wiki/Palmer_Creek_(Yamhill_River_tributary)

Test screening,https://en.wikipedia.org/wiki/Test_screening

Priporu,https://en.wikipedia.org/wiki/Priporu

"Arques, Pas-de-Calais","https://en.wikipedia.org/wiki/Arques,_Pas-de-Calais"

C18H18N6O5S2,https://en.wikipedia.org/wiki/C18H18N6O5S2

Topbağ,https://en.wikipedia.org/wiki/Topba%C4%9F

Hardin–Simmons Cowboys football,https://en.wikipedia.org/wiki/Hardin%E2%80%93Simmons_Cowboys_football

A Bathroom of Her Own,https://en.wikipedia.org/wiki/A_Bathroom_of_Her_Own

Big Hero 6 (comics),https://en.wikipedia.org/wiki/Big_Hero_6_(comics)

Erovnuli Liga playoffs,https://en.wikipedia.org/wiki/Erovnuli_Liga_playoffs

2021 Polish Basketball Cup,https://en.wikipedia.org/wiki/2021_Polish_Basketball_Cup

Taebaek Racing Park,https://en.wikipedia.org/wiki/Taebaek_Racing_Park

Cross Roads (novel),https://en.wikipedia.org/wiki/Cross_Roads_(novel)

Congress of Allied Women on War Service,https://en.wikipedia.org/wiki/Congress_of_Allied_Women_on_War_Service

Magical thinking (disambiguation),https://en.wikipedia.org/wiki/Magical_thinking_(disambiguation)

2007–08 AS Nancy season,https://en.wikipedia.org/wiki/2007%E2%80%9308_AS_Nancy_season

"Göyük, Aghjabadi","https://en.wikipedia.org/wiki/G%C3%B6y%C3%BCk,_Aghjabadi"

Collision,https://en.wikipedia.org/wiki/Collision

Manuel Franquelo,https://en.wikipedia.org/wiki/Manuel_Franquelo

Tom Teichman,https://en.wikipedia.org/wiki/Tom_Teichman

The Temper Trap (EP),https://en.wikipedia.org/wiki/The_Temper_Trap_(EP)

Alexis Peña,https://en.wikipedia.org/wiki/Alexis_Pe%C3%B1a

Joachim Deschler,https://en.wikipedia.org/wiki/Joachim_Deschler

Nowshad,https://en.wikipedia.org/wiki/Nowshad

Martha J. Harvey,https://en.wikipedia.org/wiki/Martha_J._Harvey

"Engeløy Airport, Grådussan","https://en.wikipedia.org/wiki/Engel%C3%B8y_Airport,_Gr%C3%A5dussan"

Rebecca Fromer,https://en.wikipedia.org/wiki/Rebecca_Fromer

Trimethylenemethane,https://en.wikipedia.org/wiki/Trimethylenemethane

"Wilton, Iowa","https://en.wikipedia.org/wiki/Wilton,_Iowa"

Private Chefs of Beverly Hills,https://en.wikipedia.org/wiki/Private_Chefs_of_Beverly_Hills

Şarkı,https://en.wikipedia.org/wiki/%C5%9Eark%C4%B1

Burton Lifland,https://en.wikipedia.org/wiki/Burton_Lifland

Roses Bloom on the Moorland (1952 film),https://en.wikipedia.org/wiki/Roses_Bloom_on_the_Moorland_(1952_film)

Transition metal oxalate complex,https://en.wikipedia.org/wiki/Transition_metal_oxalate_complex

Otto Hasse (General),https://en.wikipedia.org/wiki/Otto_Hasse_(General)

King Standish,https://en.wikipedia.org/wiki/King_Standish

Inert waste,https://en.wikipedia.org/wiki/Inert_waste

Dangerous Lies (2020 film),https://en.wikipedia.org/wiki/Dangerous_Lies_(2020_film)

Korem 092/Maharajalila,https://en.wikipedia.org/wiki/Korem_092/Maharajalila

"Committee on Transport, Industry, Communications, Energy, Science, and Technology","https://en.wikipedia.org/wiki/Committee_on_Transport,_Industry,_Communications,_Energy,_Science,_and_Technology"

"Peoria, Missouri","https://en.wikipedia.org/wiki/Peoria,_Missouri"

Prix Roger Caillois,https://en.wikipedia.org/wiki/Prix_Roger_Caillois

2015 Individual Speedway Junior European Championship,https://en.wikipedia.org/wiki/2015_Individual_Speedway_Junior_European_Championship

"Mun, Hautes-Pyrénées","https://en.wikipedia.org/wiki/Mun,_Hautes-Pyr%C3%A9n%C3%A9es"

Sitnikovo,https://en.wikipedia.org/wiki/Sitnikovo

Parung,https://en.wikipedia.org/wiki/Parung

Meet Me in St. Louis (novel),https://en.wikipedia.org/wiki/Meet_Me_in_St._Louis_(novel)

Choi Hye-ra,https://en.wikipedia.org/wiki/Choi_Hye-ra

"Turczyn, Grajewo County","https://en.wikipedia.org/wiki/Turczyn,_Grajewo_County"

Stabroek Market,https://en.wikipedia.org/wiki/Stabroek_Market

You're Supposed to Be My Friend,https://en.wikipedia.org/wiki/You%27re_Supposed_to_Be_My_Friend

Heartkill,https://en.wikipedia.org/wiki/Heartkill

Jochstock,https://en.wikipedia.org/wiki/Jochstock

Jeffery Hildebrand,https://en.wikipedia.org/wiki/Jeffery_Hildebrand

José Magdalena,https://en.wikipedia.org/wiki/Jos%C3%A9_Magdalena

Dashkasan (city),https://en.wikipedia.org/wiki/Dashkasan_(city)

La Razón,https://en.wikipedia.org/wiki/La_Raz%C3%B3n

Echo in the Canyon (soundtrack),https://en.wikipedia.org/wiki/Echo_in_the_Canyon_(soundtrack)

Grenzaa,https://en.wikipedia.org/wiki/Grenzaa

Robert Matschullat,https://en.wikipedia.org/wiki/Robert_Matschullat

Château de Cabriès,https://en.wikipedia.org/wiki/Ch%C3%A2teau_de_Cabri%C3%A8s

Newman Tuttle House,https://en.wikipedia.org/wiki/Newman_Tuttle_House

Ridgeway Mine,https://en.wikipedia.org/wiki/Ridgeway_Mine

Pademangan,https://en.wikipedia.org/wiki/Pademangan

Victoria Folayan,https://en.wikipedia.org/wiki/Victoria_Folayan

Song Lin,https://en.wikipedia.org/wiki/Song_Lin

"Grand Acres, Texas","https://en.wikipedia.org/wiki/Grand_Acres,_Texas"

Index of Japan-related articles,https://en.wikipedia.org/wiki/Index_of_Japan-related_articles

Emilio Zocchi,https://en.wikipedia.org/wiki/Emilio_Zocchi

Woo Sang-ho,https://en.wikipedia.org/wiki/Woo_Sang-ho

Darryl Longdon,https://en.wikipedia.org/wiki/Darryl_Longdon

Ronald Lengkeek,https://en.wikipedia.org/wiki/Ronald_Lengkeek

CytoSport,https://en.wikipedia.org/wiki/CytoSport

George Jewett Trophy,https://en.wikipedia.org/wiki/George_Jewett_Trophy

Hilbert's irreducibility theorem,https://en.wikipedia.org/wiki/Hilbert%27s_irreducibility_theorem

Phi Octantis,https://en.wikipedia.org/wiki/Phi_Octantis

Paul Mijksenaar,https://en.wikipedia.org/wiki/Paul_Mijksenaar

Glycine dehydrogenase,https://en.wikipedia.org/wiki/Glycine_dehydrogenase

Kuliješ,https://en.wikipedia.org/wiki/Kulije%C5%A1

Michael Klein (businessman),https://en.wikipedia.org/wiki/Michael_Klein_(businessman)

Davao Oriental Regional Science High School,https://en.wikipedia.org/wiki/Davao_Oriental_Regional_Science_High_School

Henry Street Gang,https://en.wikipedia.org/wiki/Henry_Street_Gang

Selenium dichloride,https://en.wikipedia.org/wiki/Selenium_dichloride

Curt VanderWall,https://en.wikipedia.org/wiki/Curt_VanderWall

Gilles Klopman,https://en.wikipedia.org/wiki/Gilles_Klopman

Kathleen R. McNamara,https://en.wikipedia.org/wiki/Kathleen_R._McNamara

Kingnait Pass,https://en.wikipedia.org/wiki/Kingnait_Pass

Bobby Jones: Stroke of Genius,https://en.wikipedia.org/wiki/Bobby_Jones:_Stroke_of_Genius

National Hollerin' Contest,https://en.wikipedia.org/wiki/National_Hollerin%27_Contest

Shane O'Donoghue (journalist),https://en.wikipedia.org/wiki/Shane_O%27Donoghue_(journalist)

Barbara Craddock,https://en.wikipedia.org/wiki/Barbara_Craddock

Ellen Li,https://en.wikipedia.org/wiki/Ellen_Li

Giovanni Battista Stefaneschi,https://en.wikipedia.org/wiki/Giovanni_Battista_Stefaneschi

Félix Máriássy,https://en.wikipedia.org/wiki/F%C3%A9lix_M%C3%A1ri%C3%A1ssy

Soizy-aux-Bois,https://en.wikipedia.org/wiki/Soizy-aux-Bois

Wólka Leszczańska,https://en.wikipedia.org/wiki/W%C3%B3lka_Leszcza%C5%84ska

Püreviin Jigjidsüren,https://en.wikipedia.org/wiki/P%C3%BCreviin_Jigjids%C3%BCren

Juan Bautista Pedemonte,https://en.wikipedia.org/wiki/Juan_Bautista_Pedemonte

Kim Yusob,https://en.wikipedia.org/wiki/Kim_Yusob

Metatheory,https://en.wikipedia.org/wiki/Metatheory

Lewis Steward House,https://en.wikipedia.org/wiki/Lewis_Steward_House

Nuuk Stadium,https://en.wikipedia.org/wiki/Nuuk_Stadium

Khalid Skah,https://en.wikipedia.org/wiki/Khalid_Skah

Disneymania 2,https://en.wikipedia.org/wiki/Disneymania_2

"Bizhou, Heilongjiang","https://en.wikipedia.org/wiki/Bizhou,_Heilongjiang"

"Purdy Township, Barry County, Missouri","https://en.wikipedia.org/wiki/Purdy_Township,_Barry_County,_Missouri"

Triangle offense,https://en.wikipedia.org/wiki/Triangle_offense

Onontio,https://en.wikipedia.org/wiki/Onontio

Georgina Island,https://en.wikipedia.org/wiki/Georgina_Island

Naval Secretary,https://en.wikipedia.org/wiki/Naval_Secretary

National Catholic Diocese in America,https://en.wikipedia.org/wiki/National_Catholic_Diocese_in_America

Nancy Moritz,https://en.wikipedia.org/wiki/Nancy_Moritz

Pox: Save the People,https://en.wikipedia.org/wiki/Pox:_Save_the_People

Central Avenue/Camelback station,https://en.wikipedia.org/wiki/Central_Avenue/Camelback_station

Ray Neal,https://en.wikipedia.org/wiki/Ray_Neal

Krotite,https://en.wikipedia.org/wiki/Krotite

Unpromising villages,https://en.wikipedia.org/wiki/Unpromising_villages

Alpha Phi Beta,https://en.wikipedia.org/wiki/Alpha_Phi_Beta

Hypostatic union,https://en.wikipedia.org/wiki/Hypostatic_union

"Waśki, Kolno County","https://en.wikipedia.org/wiki/Wa%C5%9Bki,_Kolno_County"

Enrique Octavio Trejo Azuara,https://en.wikipedia.org/wiki/Enrique_Octavio_Trejo_Azuara

Margarita Province,https://en.wikipedia.org/wiki/Margarita_Province

Tagajõgi,https://en.wikipedia.org/wiki/Tagaj%C3%B5gi

"Jarilla, Cáceres","https://en.wikipedia.org/wiki/Jarilla,_C%C3%A1ceres"

List of countries with universal health care,https://en.wikipedia.org/wiki/List_of_countries_with_universal_health_care

Lujiang station,https://en.wikipedia.org/wiki/Lujiang_station

44th NAACP Image Awards,https://en.wikipedia.org/wiki/44th_NAACP_Image_Awards

Mare Decendrii,https://en.wikipedia.org/wiki/Mare_Decendrii

Capital City Mall,https://en.wikipedia.org/wiki/Capital_City_Mall

Lillian Mobley,https://en.wikipedia.org/wiki/Lillian_Mobley

Brodtberg,https://en.wikipedia.org/wiki/Brodtberg

1998 Arizona gubernatorial election,https://en.wikipedia.org/wiki/1998_Arizona_gubernatorial_election

Saeed Sohrabpour,https://en.wikipedia.org/wiki/Saeed_Sohrabpour

Satlok Ashram,https://en.wikipedia.org/wiki/Satlok_Ashram

Opémican National Park,https://en.wikipedia.org/wiki/Op%C3%A9mican_National_Park

The Long March (novel),https://en.wikipedia.org/wiki/The_Long_March_(novel)

Richard A. Pettigrew,https://en.wikipedia.org/wiki/Richard_A._Pettigrew

Hocking Canal,https://en.wikipedia.org/wiki/Hocking_Canal

Lithoprotection,https://en.wikipedia.org/wiki/Lithoprotection

Deutschkreutz,https://en.wikipedia.org/wiki/Deutschkreutz

Smythe baronets,https://en.wikipedia.org/wiki/Smythe_baronets

2010 Cellular South Cup – Singles,https://en.wikipedia.org/wiki/2010_Cellular_South_Cup_%E2%80%93_Singles

"Bigler's Mill, Virginia","https://en.wikipedia.org/wiki/Bigler%27s_Mill,_Virginia"

Sunset Beach State Recreation Site,https://en.wikipedia.org/wiki/Sunset_Beach_State_Recreation_Site

Luciano Borzone,https://en.wikipedia.org/wiki/Luciano_Borzone

2012 Party Rock Open – Doubles,https://en.wikipedia.org/wiki/2012_Party_Rock_Open_%E2%80%93_Doubles

"University, Minneapolis","https://en.wikipedia.org/wiki/University,_Minneapolis"

Basal-cell carcinoma,https://en.wikipedia.org/wiki/Basal-cell_carcinoma

"John FitzThomas, 1st Baron Desmond","https://en.wikipedia.org/wiki/John_FitzThomas,_1st_Baron_Desmond"

Ark (web series),https://en.wikipedia.org/wiki/Ark_(web_series)

Porosteognathus,https://en.wikipedia.org/wiki/Porosteognathus

Plain Tribals Council of Assam,https://en.wikipedia.org/wiki/Plain_Tribals_Council_of_Assam

Tom Mabe,https://en.wikipedia.org/wiki/Tom_Mabe

8 Heads in a Duffel Bag,https://en.wikipedia.org/wiki/8_Heads_in_a_Duffel_Bag

Hyalospectra pustularia,https://en.wikipedia.org/wiki/Hyalospectra_pustularia

Blow the Whistle (song),https://en.wikipedia.org/wiki/Blow_the_Whistle_(song)

Rotstein (surname),https://en.wikipedia.org/wiki/Rotstein_(surname)

Aasif Sheikh,https://en.wikipedia.org/wiki/Aasif_Sheikh

Saint-Jean-de-Rebervilliers,https://en.wikipedia.org/wiki/Saint-Jean-de-Rebervilliers

Crackenthorpe,https://en.wikipedia.org/wiki/Crackenthorpe

SM UB-47,https://en.wikipedia.org/wiki/SM_UB-47

Arctoparmelia centrifuga,https://en.wikipedia.org/wiki/Arctoparmelia_centrifuga

Dendrelaphis humayuni,https://en.wikipedia.org/wiki/Dendrelaphis_humayuni

Novogeorgievsk,https://en.wikipedia.org/wiki/Novogeorgievsk

Limping calici,https://en.wikipedia.org/wiki/Limping_calici

The Dinosauria,https://en.wikipedia.org/wiki/The_Dinosauria

"Beeston, Norfolk","https://en.wikipedia.org/wiki/Beeston,_Norfolk"

Classiebawn Castle,https://en.wikipedia.org/wiki/Classiebawn_Castle

Henbury Station,https://en.wikipedia.org/wiki/Henbury_Station

M. S. Swaminathan,https://en.wikipedia.org/wiki/M._S._Swaminathan

WLFH,https://en.wikipedia.org/wiki/WLFH

"Lake Forest, Illinois","https://en.wikipedia.org/wiki/Lake_Forest,_Illinois"

Tommy Fitzsimmons,https://en.wikipedia.org/wiki/Tommy_Fitzsimmons

Mastocarpus papillatus,https://en.wikipedia.org/wiki/Mastocarpus_papillatus

Bonosus of Trier,https://en.wikipedia.org/wiki/Bonosus_of_Trier

All Will Be Well,https://en.wikipedia.org/wiki/All_Will_Be_Well

World Rugby Women's Sevens Player of the Year,https://en.wikipedia.org/wiki/World_Rugby_Women%27s_Sevens_Player_of_the_Year

Stephanie Ashworth,https://en.wikipedia.org/wiki/Stephanie_Ashworth

Riverview School District (Pennsylvania),https://en.wikipedia.org/wiki/Riverview_School_District_(Pennsylvania)

Saint Bobo,https://en.wikipedia.org/wiki/Saint_Bobo

Totò and Carolina,https://en.wikipedia.org/wiki/Tot%C3%B2_and_Carolina

Shagaya,https://en.wikipedia.org/wiki/Shagaya

Ulrich Raulff,https://en.wikipedia.org/wiki/Ulrich_Raulff

Annie Bidwell,https://en.wikipedia.org/wiki/Annie_Bidwell

Takhayyur,https://en.wikipedia.org/wiki/Takhayyur

"Shanmughanathar Temple, Kunnakudi","https://en.wikipedia.org/wiki/Shanmughanathar_Temple,_Kunnakudi"

Richard Phelps (rower),https://en.wikipedia.org/wiki/Richard_Phelps_(rower)

"Bucoda, Washington","https://en.wikipedia.org/wiki/Bucoda,_Washington"

"Qaderlu, Zanjan","https://en.wikipedia.org/wiki/Qaderlu,_Zanjan"

PpilKu,https://en.wikipedia.org/wiki/PpilKu

Your Contemporary,https://en.wikipedia.org/wiki/Your_Contemporary

Berg station,https://en.wikipedia.org/wiki/Berg_station

Melaniparus,https://en.wikipedia.org/wiki/Melaniparus

Dangez,https://en.wikipedia.org/wiki/Dangez

Charlie Pannam,https://en.wikipedia.org/wiki/Charlie_Pannam

Erskine Henry Bronson,https://en.wikipedia.org/wiki/Erskine_Henry_Bronson

Los Angeles Athletic Club,https://en.wikipedia.org/wiki/Los_Angeles_Athletic_Club

Toft Newton,https://en.wikipedia.org/wiki/Toft_Newton

Gotham Knights (video game),https://en.wikipedia.org/wiki/Gotham_Knights_(video_game)

Szenicsite,https://en.wikipedia.org/wiki/Szenicsite

Kuraishia,https://en.wikipedia.org/wiki/Kuraishia

Taktakenéz,https://en.wikipedia.org/wiki/Taktaken%C3%A9z

Lake Shirwa,https://en.wikipedia.org/wiki/Lake_Shirwa

Opa (song),https://en.wikipedia.org/wiki/Opa_(song)

Connor Williams,https://en.wikipedia.org/wiki/Connor_Williams

Kashmiri handicrafts,https://en.wikipedia.org/wiki/Kashmiri_handicrafts

2006 Western & Southern Financial Group Masters,https://en.wikipedia.org/wiki/2006_Western_%26_Southern_Financial_Group_Masters

Pandanguo,https://en.wikipedia.org/wiki/Pandanguo

Annaberg,https://en.wikipedia.org/wiki/Annaberg

Shamrock Bowl XXI,https://en.wikipedia.org/wiki/Shamrock_Bowl_XXI

Path profile,https://en.wikipedia.org/wiki/Path_profile

NxStage,https://en.wikipedia.org/wiki/NxStage

2004 NFL Draft,https://en.wikipedia.org/wiki/2004_NFL_Draft

University of Rhode Island Botanical Gardens and Everett P. Christopher Arboretum,https://en.wikipedia.org/wiki/University_of_Rhode_Island_Botanical_Gardens_and_Everett_P._Christopher_Arboretum

Irene Commando,https://en.wikipedia.org/wiki/Irene_Commando

The Government Savings Bank (1833),https://en.wikipedia.org/wiki/The_Government_Savings_Bank_(1833)

Renata Knapik-Miazga,https://en.wikipedia.org/wiki/Renata_Knapik-Miazga

Bioelectrospray,https://en.wikipedia.org/wiki/Bioelectrospray

Apelu Ioane,https://en.wikipedia.org/wiki/Apelu_Ioane

Journal of Manipulative and Physiological Therapeutics,https://en.wikipedia.org/wiki/Journal_of_Manipulative_and_Physiological_Therapeutics

Islah,https://en.wikipedia.org/wiki/Islah

Financial toxicity,https://en.wikipedia.org/wiki/Financial_toxicity

St Davids Lifeboat Station,https://en.wikipedia.org/wiki/St_Davids_Lifeboat_Station

Partovi az Quran,https://en.wikipedia.org/wiki/Partovi_az_Quran

Guy Rodgers,https://en.wikipedia.org/wiki/Guy_Rodgers

Graciela Palau de Nemes,https://en.wikipedia.org/wiki/Graciela_Palau_de_Nemes

"Dereboyu, Seben","https://en.wikipedia.org/wiki/Dereboyu,_Seben"

Lefty Nelson,https://en.wikipedia.org/wiki/Lefty_Nelson

Donald C. MacDonald,https://en.wikipedia.org/wiki/Donald_C._MacDonald

Autolycus (areopagite),https://en.wikipedia.org/wiki/Autolycus_(areopagite)

"Wavell Heights, Queensland","https://en.wikipedia.org/wiki/Wavell_Heights,_Queensland"

1948–49 Divizia B,https://en.wikipedia.org/wiki/1948%E2%80%9349_Divizia_B

The Policewoman,https://en.wikipedia.org/wiki/The_Policewoman

RCA Country Legends (Waylon Jennings album),https://en.wikipedia.org/wiki/RCA_Country_Legends_(Waylon_Jennings_album)

4954 Eric,https://en.wikipedia.org/wiki/4954_Eric

Ai Kakuma,https://en.wikipedia.org/wiki/Ai_Kakuma

Miomantis arabica,https://en.wikipedia.org/wiki/Miomantis_arabica

Noceda del Bierzo,https://en.wikipedia.org/wiki/Noceda_del_Bierzo

Lewis Fiorini,https://en.wikipedia.org/wiki/Lewis_Fiorini

Closure (Cadet song),https://en.wikipedia.org/wiki/Closure_(Cadet_song)

Paulin Mbaye,https://en.wikipedia.org/wiki/Paulin_Mbaye

Battel,https://en.wikipedia.org/wiki/Battel

Siva Selliah,https://en.wikipedia.org/wiki/Siva_Selliah

Luciana Silveyra,https://en.wikipedia.org/wiki/Luciana_Silveyra

Andrew Lewis (sailor),https://en.wikipedia.org/wiki/Andrew_Lewis_(sailor)

2001–02 Országos Bajnokság I (men's water polo),https://en.wikipedia.org/wiki/2001%E2%80%9302_Orsz%C3%A1gos_Bajnoks%C3%A1g_I_(men%27s_water_polo)

Glutelin,https://en.wikipedia.org/wiki/Glutelin

Saudi Landbridge Project,https://en.wikipedia.org/wiki/Saudi_Landbridge_Project

VisionAire Vantage,https://en.wikipedia.org/wiki/VisionAire_Vantage

The Pilgrim's Progress (film),https://en.wikipedia.org/wiki/The_Pilgrim%27s_Progress_(film)

Lay My Lily Down,https://en.wikipedia.org/wiki/Lay_My_Lily_Down

Walter Fletcher (running back),https://en.wikipedia.org/wiki/Walter_Fletcher_(running_back)

PoSAT-1,https://en.wikipedia.org/wiki/PoSAT-1

Eryngium leavenworthii,https://en.wikipedia.org/wiki/Eryngium_leavenworthii

Hillary Lindsey,https://en.wikipedia.org/wiki/Hillary_Lindsey

Warne Marsh Lee Konitz: Jazz Exchange Vol. 3,https://en.wikipedia.org/wiki/Warne_Marsh_Lee_Konitz:_Jazz_Exchange_Vol._3

A+E (album),https://en.wikipedia.org/wiki/A%2BE_(album)

Nang Tani,https://en.wikipedia.org/wiki/Nang_Tani

Luis Acuña,https://en.wikipedia.org/wiki/Luis_Acu%C3%B1a

Eagle Cap Excursion Train,https://en.wikipedia.org/wiki/Eagle_Cap_Excursion_Train

Wielgomłyny,https://en.wikipedia.org/wiki/Wielgom%C5%82yny

"The Cross Keys, Totternhoe","https://en.wikipedia.org/wiki/The_Cross_Keys,_Totternhoe"

Joseph T. Anderson,https://en.wikipedia.org/wiki/Joseph_T._Anderson

2014 AFC U-19 Championship,https://en.wikipedia.org/wiki/2014_AFC_U-19_Championship

Staebler–Wronski effect,https://en.wikipedia.org/wiki/Staebler%E2%80%93Wronski_effect

United States Show Jumping Hall of Fame,https://en.wikipedia.org/wiki/United_States_Show_Jumping_Hall_of_Fame

Yves Michel,https://en.wikipedia.org/wiki/Yves_Michel

Cathartes emsliei,https://en.wikipedia.org/wiki/Cathartes_emsliei

Waiting for the Barbarians (disambiguation),https://en.wikipedia.org/wiki/Waiting_for_the_Barbarians_(disambiguation)

Mommy XXX,https://en.wikipedia.org/wiki/Mommy_XXX

Noccaeopsis,https://en.wikipedia.org/wiki/Noccaeopsis

Richard Jefferson (disambiguation),https://en.wikipedia.org/wiki/Richard_Jefferson_(disambiguation)

Jeng,https://en.wikipedia.org/wiki/Jeng

Babić,https://en.wikipedia.org/wiki/Babi%C4%87

Lubicz Dolny,https://en.wikipedia.org/wiki/Lubicz_Dolny

3C 295,https://en.wikipedia.org/wiki/3C_295

Harold's Planet,https://en.wikipedia.org/wiki/Harold%27s_Planet

Eupithecia lafontaineata,https://en.wikipedia.org/wiki/Eupithecia_lafontaineata

Mary Fiske Stoughton House,https://en.wikipedia.org/wiki/Mary_Fiske_Stoughton_House

Zechs Marquise,https://en.wikipedia.org/wiki/Zechs_Marquise

Arkadiusz Chęciński,https://en.wikipedia.org/wiki/Arkadiusz_Ch%C4%99ci%C5%84ski

Oz Before the Rainbow,https://en.wikipedia.org/wiki/Oz_Before_the_Rainbow

Capoocan,https://en.wikipedia.org/wiki/Capoocan

2011–12 Grand Prix of Figure Skating Final,https://en.wikipedia.org/wiki/2011%E2%80%9312_Grand_Prix_of_Figure_Skating_Final

Five Ponds Copse,https://en.wikipedia.org/wiki/Five_Ponds_Copse

Nicky Hartery,https://en.wikipedia.org/wiki/Nicky_Hartery

Apple FileWare,https://en.wikipedia.org/wiki/Apple_FileWare

Neottia cordata,https://en.wikipedia.org/wiki/Neottia_cordata

Jacob van Hoogstraaten,https://en.wikipedia.org/wiki/Jacob_van_Hoogstraaten

GRL-0617,https://en.wikipedia.org/wiki/GRL-0617

Peter Watkinson,https://en.wikipedia.org/wiki/Peter_Watkinson

1871 Westmorland by-election,https://en.wikipedia.org/wiki/1871_Westmorland_by-election

Eyo Okponung,https://en.wikipedia.org/wiki/Eyo_Okponung

107th meridian east,https://en.wikipedia.org/wiki/107th_meridian_east

Langballig (Amt),https://en.wikipedia.org/wiki/Langballig_(Amt)

Stephen Ross,https://en.wikipedia.org/wiki/Stephen_Ross

James Goodale,https://en.wikipedia.org/wiki/James_Goodale

Perrinn Cars,https://en.wikipedia.org/wiki/Perrinn_Cars

Lil' Eightball,https://en.wikipedia.org/wiki/Lil%27_Eightball

Knapp Farm,https://en.wikipedia.org/wiki/Knapp_Farm

"Newtown, Indiana","https://en.wikipedia.org/wiki/Newtown,_Indiana"

16th Congress,https://en.wikipedia.org/wiki/16th_Congress

List of additives in cigarettes,https://en.wikipedia.org/wiki/List_of_additives_in_cigarettes

"Makari, Tonkolili","https://en.wikipedia.org/wiki/Makari,_Tonkolili"

Larbi Chebbak,https://en.wikipedia.org/wiki/Larbi_Chebbak

Ibrahim Diop,https://en.wikipedia.org/wiki/Ibrahim_Diop

Kishanpur Ghurka,https://en.wikipedia.org/wiki/Kishanpur_Ghurka

List of Korean Canadians,https://en.wikipedia.org/wiki/List_of_Korean_Canadians

Tennessee Court of Appeals,https://en.wikipedia.org/wiki/Tennessee_Court_of_Appeals

"Durgapur, SBS Nagar","https://en.wikipedia.org/wiki/Durgapur,_SBS_Nagar"

Rewadih,https://en.wikipedia.org/wiki/Rewadih

Greatest Hits Live (Sham 69 album),https://en.wikipedia.org/wiki/Greatest_Hits_Live_(Sham_69_album)

The Green Brain,https://en.wikipedia.org/wiki/The_Green_Brain

Mount Dana (Washington),https://en.wikipedia.org/wiki/Mount_Dana_(Washington)

Nicholas L'Estrange,https://en.wikipedia.org/wiki/Nicholas_L%27Estrange

Leonard Levy (cricketer),https://en.wikipedia.org/wiki/Leonard_Levy_(cricketer)

Witthoh,https://en.wikipedia.org/wiki/Witthoh

Social employee,https://en.wikipedia.org/wiki/Social_employee

"Yamae, Kumamoto","https://en.wikipedia.org/wiki/Yamae,_Kumamoto"

William Cuthbertson,https://en.wikipedia.org/wiki/William_Cuthbertson

My Red Hot Car,https://en.wikipedia.org/wiki/My_Red_Hot_Car

Victoriano Ramírez,https://en.wikipedia.org/wiki/Victoriano_Ram%C3%ADrez

Ophidian Wheel,https://en.wikipedia.org/wiki/Ophidian_Wheel

Heroine (Minori Chihara album),https://en.wikipedia.org/wiki/Heroine_(Minori_Chihara_album)

Xing Song,https://en.wikipedia.org/wiki/Xing_Song

Elloughton,https://en.wikipedia.org/wiki/Elloughton

George Graham (monologist),https://en.wikipedia.org/wiki/George_Graham_(monologist)

Ganzavia GAK-22 Dino,https://en.wikipedia.org/wiki/Ganzavia_GAK-22_Dino

Shelton College,https://en.wikipedia.org/wiki/Shelton_College

Szigetszentmiklósi TK,https://en.wikipedia.org/wiki/Szigetszentmikl%C3%B3si_TK

Ville Räsänen,https://en.wikipedia.org/wiki/Ville_R%C3%A4s%C3%A4nen

Marcus Piossek,https://en.wikipedia.org/wiki/Marcus_Piossek

Axe (gamer),https://en.wikipedia.org/wiki/Axe_(gamer)

Grzymały Szczepankowskie,https://en.wikipedia.org/wiki/Grzyma%C5%82y_Szczepankowskie

Mountain worship,https://en.wikipedia.org/wiki/Mountain_worship

Nikolai Bagley,https://en.wikipedia.org/wiki/Nikolai_Bagley

Protitame virginalis,https://en.wikipedia.org/wiki/Protitame_virginalis

Abu Tratter,https://en.wikipedia.org/wiki/Abu_Tratter

Vaillant's mabuya,https://en.wikipedia.org/wiki/Vaillant%27s_mabuya

Chikkoppa K.M.,https://en.wikipedia.org/wiki/Chikkoppa_K.M.

"Fashchivka, Antratsyt Raion, Luhansk Oblast","https://en.wikipedia.org/wiki/Fashchivka,_Antratsyt_Raion,_Luhansk_Oblast"

List of units of the Italian Army,https://en.wikipedia.org/wiki/List_of_units_of_the_Italian_Army

Niclas Herbst,https://en.wikipedia.org/wiki/Niclas_Herbst

Givira sobrana,https://en.wikipedia.org/wiki/Givira_sobrana

Cressanges,https://en.wikipedia.org/wiki/Cressanges

Lara Bazelon,https://en.wikipedia.org/wiki/Lara_Bazelon

"Vankova, Perm Krai","https://en.wikipedia.org/wiki/Vankova,_Perm_Krai"

Nacoleia pachytornalis,https://en.wikipedia.org/wiki/Nacoleia_pachytornalis

Ho Chi Minh,https://en.wikipedia.org/wiki/Ho_Chi_Minh

